rel_path,lang,risk_score,code_lines,comment_lines,comment_ratio,branch_tokens,max_func_len,max_nest
tools/project_size_report.py,python,2614,183,41,0.183,42,121,7
tools/quality/git_hotspots.py,python,85,29,5,0.1471,7,0,0
tools/quality/metrics_complexity.py,python,351,135,16,0.106,27,0,0
tools/quality/deps_includes.py,python,1220,70,16,0.186,20,50,6
tools/quality/report_md.py,python,815,447,46,0.0933,46,0,0
tools/quality/__init__.py,python,0,0,0,0.0,0,0,0
tools/quality/metrics_loc.py,python,315,107,17,0.1371,26,0,0
tools/quality/audit.py,python,3863,204,35,0.1464,8,229,4
tools/quality/cmake_audit.py,python,0,0,0,0.0,0,0,0
tools/quality/common.py,python,339,115,4,0.0336,28,0,0
tools/quality/risk_scan.py,python,143,71,2,0.0274,9,0,0
UnderwaterRobotSystem/CMakeLists.txt,cmake,13,5,0,0.0,1,0,0
UnderwaterRobotSystem/Underwater-robot-navigation/git_auto.py,python,1113,52,20,0.2778,7,51,6
UnderwaterRobotSystem/Underwater-robot-navigation/apps/__init__.py,python,0,0,0,0.0,0,0,0
UnderwaterRobotSystem/Underwater-robot-navigation/apps/tools/imu_xy_zero.py,python,636,37,7,0.1591,3,33,2
UnderwaterRobotSystem/Underwater-robot-navigation/apps/tools/imu_baud_switch.py,python,1126,82,12,0.1277,13,52,4
UnderwaterRobotSystem/Underwater-robot-navigation/apps/tools/dvl_data_verifier.py,python,1993,215,34,0.1365,31,94,3
UnderwaterRobotSystem/Underwater-robot-navigation/apps/tools/tmux_telemetry_manager.py,python,2541,229,39,0.1455,44,120,4
UnderwaterRobotSystem/Underwater-robot-navigation/apps/tools/dvl_safety_probe.py,python,2153,167,18,0.0973,22,110,4
UnderwaterRobotSystem/Underwater-robot-navigation/apps/tools/multisensor_postproc.py,python,1882,203,77,0.275,33,81,5
UnderwaterRobotSystem/Underwater-robot-navigation/apps/tools/volt32_data_verifier.py,python,1495,225,27,0.1071,40,50,5
UnderwaterRobotSystem/Underwater-robot-navigation/apps/tools/imu_data_verifier.py,python,1219,298,48,0.1387,37,31,4
UnderwaterRobotSystem/Underwater-robot-navigation/apps/acquire/imu_logger.py,python,1472,236,45,0.1601,27,52,6
UnderwaterRobotSystem/Underwater-robot-navigation/apps/acquire/Volt32_logger.py,python,1878,288,48,0.1429,50,66,5
UnderwaterRobotSystem/Underwater-robot-navigation/apps/acquire/DVL_logger.py,python,2426,390,111,0.2216,77,76,7
UnderwaterRobotSystem/Underwater-robot-navigation/uwnav/__init__.py,python,0,0,0,0.0,0,0,0
UnderwaterRobotSystem/Underwater-robot-navigation/uwnav/nav/__init__.py,python,0,0,0,0.0,0,0,0
UnderwaterRobotSystem/Underwater-robot-navigation/uwnav/fusion/__init__.py,python,0,0,0,0.0,0,0,0
UnderwaterRobotSystem/Underwater-robot-navigation/uwnav/fusion/meas_models/dvl.py,python,0,0,0,0.0,0,0,0
UnderwaterRobotSystem/Underwater-robot-navigation/uwnav/fusion/meas_models/__init__.py,python,0,0,0,0.0,0,0,0
UnderwaterRobotSystem/Underwater-robot-navigation/uwnav/io/data_paths.py,python,21,13,15,0.5357,1,0,0
UnderwaterRobotSystem/Underwater-robot-navigation/uwnav/io/__init__.py,python,0,0,0,0.0,0,0,0
UnderwaterRobotSystem/Underwater-robot-navigation/uwnav/io/timebase.py,python,98,66,73,0.5252,4,0,0
UnderwaterRobotSystem/Underwater-robot-navigation/uwnav/drivers/__init__.py,python,0,0,0,0.0,0,0,0
UnderwaterRobotSystem/Underwater-robot-navigation/uwnav/drivers/imu/WitHighModbus/imu_xy_zero.py,python,636,37,7,0.1591,3,33,2
UnderwaterRobotSystem/Underwater-robot-navigation/uwnav/drivers/imu/WitHighModbus/filters.py,python,1795,110,39,0.2617,15,91,5
UnderwaterRobotSystem/Underwater-robot-navigation/uwnav/drivers/imu/WitHighModbus/imu_baud_switch.py,python,1141,82,12,0.1277,13,53,4
UnderwaterRobotSystem/Underwater-robot-navigation/uwnav/drivers/imu/WitHighModbus/test.py,python,341,8,10,0.5556,1,19,1
UnderwaterRobotSystem/Underwater-robot-navigation/uwnav/drivers/imu/WitHighModbus/serial_io_tools.py,python,1109,95,10,0.0952,18,42,6
UnderwaterRobotSystem/Underwater-robot-navigation/uwnav/drivers/imu/WitHighModbus/sensor1.py,python,1230,94,14,0.1296,7,64,3
UnderwaterRobotSystem/Underwater-robot-navigation/uwnav/drivers/imu/WitHighModbus/tool.py,python,553,37,27,0.4219,7,20,4
UnderwaterRobotSystem/Underwater-robot-navigation/uwnav/drivers/imu/WitHighModbus/__init__.py,python,0,0,0,0.0,0,0,0
UnderwaterRobotSystem/Underwater-robot-navigation/uwnav/drivers/imu/WitHighModbus/device_model.py,python,1373,238,85,0.2632,25,49,5
UnderwaterRobotSystem/Underwater-robot-navigation/uwnav/drivers/imu/WitHighModbus/Python-WitProtocol(输出经纬度2)-1661322549826/chs/WT901C485.py,python,723,31,115,0.7877,9,36,2
UnderwaterRobotSystem/Underwater-robot-navigation/uwnav/drivers/imu/WitHighModbus/Python-WitProtocol(输出经纬度2)-1661322549826/chs/JY901S.py,python,743,29,119,0.8041,8,38,2
UnderwaterRobotSystem/Underwater-robot-navigation/uwnav/drivers/imu/WitHighModbus/Python-WitProtocol(输出经纬度2)-1661322549826/chs/lib/device_model.py,python,799,100,105,0.5122,18,21,6
UnderwaterRobotSystem/Underwater-robot-navigation/uwnav/drivers/imu/WitHighModbus/Python-WitProtocol(输出经纬度2)-1661322549826/chs/lib/protocol_resolver/interface/i_protocol_resolver.py,python,237,32,55,0.6322,0,11,1
UnderwaterRobotSystem/Underwater-robot-navigation/uwnav/drivers/imu/WitHighModbus/Python-WitProtocol(输出经纬度2)-1661322549826/chs/lib/protocol_resolver/roles/wit_protocol_resolver.py,python,1605,220,114,0.3413,40,47,9
UnderwaterRobotSystem/Underwater-robot-navigation/uwnav/drivers/imu/WitHighModbus/Python-WitProtocol(输出经纬度2)-1661322549826/chs/lib/protocol_resolver/roles/protocol_485_resolver.py,python,1718,210,81,0.2784,31,68,6
UnderwaterRobotSystem/Underwater-robot-navigation/uwnav/drivers/imu/WitHighModbus/Python-WitProtocol(输出经纬度2)-1661322549826/chs/lib/data_processor/interface/i_data_processor.py,python,112,12,6,0.3333,0,4,1
UnderwaterRobotSystem/Underwater-robot-navigation/uwnav/drivers/imu/WitHighModbus/Python-WitProtocol(输出经纬度2)-1661322549826/chs/lib/data_processor/roles/jy901s_dataProcessor.py,python,174,11,4,0.2667,1,5,2
UnderwaterRobotSystem/Underwater-robot-navigation/uwnav/drivers/imu/WitHighModbus/Python-WitProtocol(输出经纬度2)-1661322549826/chs/lib/utils/byte_array_converter.py,python,2,2,4,0.6667,0,0,0
UnderwaterRobotSystem/Underwater-robot-navigation/uwnav/drivers/dvl/hover_h1000/tcp_if.py,python,729,80,58,0.4203,13,23,5
UnderwaterRobotSystem/Underwater-robot-navigation/uwnav/drivers/dvl/hover_h1000/protocol.py,python,567,223,60,0.212,43,0,0
UnderwaterRobotSystem/Underwater-robot-navigation/uwnav/drivers/dvl/hover_h1000/serial_if.py,python,683,65,49,0.4298,11,22,5
UnderwaterRobotSystem/Underwater-robot-navigation/uwnav/drivers/dvl/hover_h1000/__init__.py,python,0,0,0,0.0,0,0,0
UnderwaterRobotSystem/Underwater-robot-navigation/uwnav/drivers/dvl/hover_h1000/io.py,python,4636,564,187,0.249,99,200,7
UnderwaterRobotSystem/Underwater-robot-navigation/uwnav/drivers/dvl/hover_h1000/command.py,python,210,58,12,0.1714,19,0,0
UnderwaterRobotSystem/Underwater-robot-navigation/uwnav/sensors/dvl_hover_h1000.py,python,696,91,9,0.09,15,19,5
UnderwaterRobotSystem/Underwater-robot-navigation/uwnav/sensors/imu.py,python,1198,283,61,0.1773,45,29,3
UnderwaterRobotSystem/Underwater-robot-navigation/uwnav/sensors/__init__.py,python,0,0,0,0.0,0,0,0
UnderwaterRobotSystem/Underwater-robot-navigation/uwnav/preprocess/__init__.py,python,0,0,0,0.0,0,0,0
UnderwaterRobotSystem/Underwater-robot-navigation/nav_core/CMakeLists.txt,cmake,335,127,0,0.0,26,0,0
UnderwaterRobotSystem/Underwater-robot-navigation/nav_core/src/nav_core/estimator/nav_health_monitor.cpp,cpp,3501,148,92,0.3833,36,191,5
UnderwaterRobotSystem/Underwater-robot-navigation/nav_core/src/nav_core/estimator/graph_smoother_2d.cpp,cpp,4478,296,92,0.2371,34,250,4
UnderwaterRobotSystem/Underwater-robot-navigation/nav_core/src/nav_core/estimator/online_estimator.cpp,cpp,1477,215,97,0.3109,19,66,3
UnderwaterRobotSystem/Underwater-robot-navigation/nav_core/src/nav_core/app/nav_daemon_config.cpp,cpp,3980,207,43,0.172,31,219,6
UnderwaterRobotSystem/Underwater-robot-navigation/nav_core/src/nav_core/app/nav_daemon.cpp,cpp,3378,365,58,0.1371,41,163,6
UnderwaterRobotSystem/Underwater-robot-navigation/nav_core/src/nav_core/app/tools/DVL_selftest.cpp,cpp,2715,342,46,0.1186,61,115,4
UnderwaterRobotSystem/Underwater-robot-navigation/nav_core/src/nav_core/core/logging.cpp,cpp,489,58,6,0.0938,12,17,2
UnderwaterRobotSystem/Underwater-robot-navigation/nav_core/src/nav_core/core/timebase.cpp,cpp,440,43,2,0.0444,4,19,2
UnderwaterRobotSystem/Underwater-robot-navigation/nav_core/src/nav_core/io/nav_state_publisher.cpp,cpp,2137,229,57,0.1993,36,100,3
UnderwaterRobotSystem/Underwater-robot-navigation/nav_core/src/nav_core/io/bin_logger.cpp,cpp,1149,176,30,0.1456,36,35,4
UnderwaterRobotSystem/Underwater-robot-navigation/nav_core/src/nav_core/drivers/dvl_protocol.cpp,cpp,2650,423,64,0.1314,74,101,3
UnderwaterRobotSystem/Underwater-robot-navigation/nav_core/src/nav_core/drivers/imu_driver_wit.cpp,cpp,2814,400,99,0.1984,63,114,5
UnderwaterRobotSystem/Underwater-robot-navigation/nav_core/src/nav_core/drivers/dvl_driver.cpp,cpp,3150,462,84,0.1538,76,128,4
UnderwaterRobotSystem/Underwater-robot-navigation/nav_core/src/nav_core/filters/imu_rt_filter.cpp,cpp,3120,224,59,0.2085,42,160,4
UnderwaterRobotSystem/Underwater-robot-navigation/nav_core/src/nav_core/filters/eskf.cpp,cpp,1691,218,123,0.3607,21,79,3
UnderwaterRobotSystem/Underwater-robot-navigation/nav_core/include/nav_core/estimator/graph_smoother_2d.hpp,cpp,171,55,142,0.7208,2,4,1
UnderwaterRobotSystem/Underwater-robot-navigation/nav_core/include/nav_core/estimator/nav_health_monitor.hpp,cpp,160,73,158,0.684,9,1,0
UnderwaterRobotSystem/Underwater-robot-navigation/nav_core/include/nav_core/estimator/online_estimator.hpp,cpp,280,63,143,0.6942,4,7,2
UnderwaterRobotSystem/Underwater-robot-navigation/nav_core/include/nav_core/app/nav_daemon_config.hpp,cpp,71,71,109,0.6056,0,0,0
UnderwaterRobotSystem/Underwater-robot-navigation/nav_core/include/nav_core/core/types.hpp,cpp,73,73,129,0.6386,0,0,0
UnderwaterRobotSystem/Underwater-robot-navigation/nav_core/include/nav_core/core/timebase.hpp,cpp,47,47,35,0.4268,0,0,0
UnderwaterRobotSystem/Underwater-robot-navigation/nav_core/include/nav_core/core/status.hpp,cpp,166,42,46,0.5227,3,4,1
UnderwaterRobotSystem/Underwater-robot-navigation/nav_core/include/nav_core/core/math.hpp,cpp,828,171,96,0.3596,29,23,2
UnderwaterRobotSystem/Underwater-robot-navigation/nav_core/include/nav_core/core/logging.hpp,cpp,54,22,38,0.6333,4,0,0
UnderwaterRobotSystem/Underwater-robot-navigation/nav_core/include/nav_core/io/bin_logger.hpp,cpp,193,37,30,0.4478,7,4,1
UnderwaterRobotSystem/Underwater-robot-navigation/nav_core/include/nav_core/io/log_packets.hpp,cpp,77,53,62,0.5391,3,0,0
UnderwaterRobotSystem/Underwater-robot-navigation/nav_core/include/nav_core/io/nav_state_publisher.hpp,cpp,143,56,94,0.6267,9,1,0
UnderwaterRobotSystem/Underwater-robot-navigation/nav_core/include/nav_core/drivers/imu_driver_wit.hpp,cpp,81,65,183,0.7379,2,0,0
UnderwaterRobotSystem/Underwater-robot-navigation/nav_core/include/nav_core/drivers/dvl_driver.hpp,cpp,317,113,172,0.6035,13,4,1
UnderwaterRobotSystem/Underwater-robot-navigation/nav_core/include/nav_core/drivers/dvl_protocol.hpp,cpp,100,60,200,0.7692,5,0,0
UnderwaterRobotSystem/Underwater-robot-navigation/nav_core/include/nav_core/filters/eskf.hpp,cpp,66,51,45,0.4688,0,1,0
UnderwaterRobotSystem/Underwater-robot-navigation/nav_core/include/nav_core/filters/filter_common.hpp,cpp,98,82,121,0.5961,2,0,0
UnderwaterRobotSystem/Underwater-robot-navigation/nav_core/include/nav_core/filters/imu_rt_filter.hpp,cpp,73,41,106,0.7211,4,0,0
UnderwaterRobotSystem/UnderwaterRobotSystem/tools/project_size_report.py,python,2614,183,41,0.183,42,121,7
UnderwaterRobotSystem/UnderwaterRobotSystem/tools/quality/git_hotspots.py,python,85,29,5,0.1471,7,0,0
UnderwaterRobotSystem/UnderwaterRobotSystem/tools/quality/metrics_complexity.py,python,351,135,16,0.106,27,0,0
UnderwaterRobotSystem/UnderwaterRobotSystem/tools/quality/deps_includes.py,python,1220,70,16,0.186,20,50,6
UnderwaterRobotSystem/UnderwaterRobotSystem/tools/quality/report_md.py,python,815,447,46,0.0933,46,0,0
UnderwaterRobotSystem/UnderwaterRobotSystem/tools/quality/__init__.py,python,0,0,0,0.0,0,0,0
UnderwaterRobotSystem/UnderwaterRobotSystem/tools/quality/metrics_loc.py,python,315,107,17,0.1371,26,0,0
UnderwaterRobotSystem/UnderwaterRobotSystem/tools/quality/audit.py,python,3863,204,35,0.1464,8,229,4
UnderwaterRobotSystem/UnderwaterRobotSystem/tools/quality/cmake_audit.py,python,0,0,0,0.0,0,0,0
UnderwaterRobotSystem/UnderwaterRobotSystem/tools/quality/common.py,python,339,115,4,0.0336,28,0,0
UnderwaterRobotSystem/UnderwaterRobotSystem/tools/quality/risk_scan.py,python,143,71,2,0.0274,9,0,0
UnderwaterRobotSystem/UnderwaterRobotSystem/shared/CMakeLists.txt,cmake,7,7,0,0.0,0,0,0
UnderwaterRobotSystem/UnderwaterRobotSystem/shared/shm/nav_state_shm.hpp,cpp,150,46,29,0.3867,13,0,0
UnderwaterRobotSystem/UnderwaterRobotSystem/shared/shm/key_event_shm.hpp,cpp,62,38,8,0.1739,3,0,0
UnderwaterRobotSystem/UnderwaterRobotSystem/shared/shm/control_intent_shm.hpp,cpp,32,32,6,0.1579,0,0,0
UnderwaterRobotSystem/UnderwaterRobotSystem/shared/shm/nav_state_view_shm.hpp,cpp,113,41,24,0.3692,9,0,0
UnderwaterRobotSystem/UnderwaterRobotSystem/shared/shm/key_event_ring_shm.hpp,cpp,301,60,40,0.4,12,7,1
UnderwaterRobotSystem/UnderwaterRobotSystem/shared/msg/nav_state.hpp,cpp,221,64,34,0.3469,9,3,1
UnderwaterRobotSystem/UnderwaterRobotSystem/shared/msg/nav_state_view.hpp,cpp,86,46,17,0.2698,5,0,0
UnderwaterRobotSystem/UnderwaterRobotSystem/shared/msg/key_event.hpp,cpp,72,32,2,0.0588,5,0,0
UnderwaterRobotSystem/UnderwaterRobotSystem/shared/msg/control_intent.hpp,cpp,402,97,6,0.0583,5,15,1
UnderwaterRobotSystem/shared/CMakeLists.txt,cmake,7,7,0,0.0,0,0,0
UnderwaterRobotSystem/shared/shm/nav_state_shm.hpp,cpp,150,46,29,0.3867,13,0,0
UnderwaterRobotSystem/shared/shm/key_event_shm.hpp,cpp,62,38,8,0.1739,3,0,0
UnderwaterRobotSystem/shared/shm/control_intent_shm.hpp,cpp,34,34,7,0.1707,0,0,0
UnderwaterRobotSystem/shared/shm/nav_state_view_shm.hpp,cpp,113,41,24,0.3692,9,0,0
UnderwaterRobotSystem/shared/shm/key_event_ring_shm.hpp,cpp,301,60,40,0.4,12,7,1
UnderwaterRobotSystem/shared/msg/nav_state.hpp,cpp,221,64,34,0.3469,9,3,1
UnderwaterRobotSystem/shared/msg/nav_state_view.hpp,cpp,86,46,17,0.2698,5,0,0
UnderwaterRobotSystem/shared/msg/key_event.hpp,cpp,72,32,2,0.0588,5,0,0
UnderwaterRobotSystem/shared/msg/control_intent.hpp,cpp,402,97,6,0.0583,5,15,1
UnderwaterRobotSystem/OrangePi_STM32_for_ROV/CMakeLists.txt,cmake,176,72,0,0.0,13,0,0
UnderwaterRobotSystem/OrangePi_STM32_for_ROV/proto_gcs/CMakeLists.txt,cmake,32,16,0,0.0,2,0,0
UnderwaterRobotSystem/OrangePi_STM32_for_ROV/proto_gcs/src/crc32c.cpp,cpp,605,29,1,0.0333,7,24,4
UnderwaterRobotSystem/OrangePi_STM32_for_ROV/proto_gcs/include/proto_gcs/gcs_protocol.hpp,cpp,774,185,40,0.1778,28,19,2
UnderwaterRobotSystem/OrangePi_STM32_for_ROV/gateway/CMakeLists.txt,cmake,352,152,0,0.0,25,0,0
UnderwaterRobotSystem/OrangePi_STM32_for_ROV/gateway/apps/gcs_client.cpp,cpp,2384,309,59,0.1603,25,117,3
UnderwaterRobotSystem/OrangePi_STM32_for_ROV/gateway/apps/intent_dump.cpp,cpp,2137,267,34,0.113,60,82,4
UnderwaterRobotSystem/OrangePi_STM32_for_ROV/gateway/apps/nav_viewd.cpp,cpp,4788,330,49,0.1293,76,238,7
UnderwaterRobotSystem/OrangePi_STM32_for_ROV/gateway/apps/nav_view_dump.cpp,cpp,3248,383,36,0.0859,80,135,5
UnderwaterRobotSystem/OrangePi_STM32_for_ROV/gateway/apps/intentd.cpp,cpp,3360,198,18,0.0833,14,190,5
UnderwaterRobotSystem/OrangePi_STM32_for_ROV/gateway/apps/gcs_server.cpp,cpp,3644,174,33,0.1594,25,210,3
UnderwaterRobotSystem/OrangePi_STM32_for_ROV/gateway/apps/teleop_local.cpp,cpp,3257,313,35,0.1006,83,136,6
UnderwaterRobotSystem/OrangePi_STM32_for_ROV/gateway/tests/test_session.cpp,cpp,1363,259,40,0.1338,23,56,2
UnderwaterRobotSystem/OrangePi_STM32_for_ROV/gateway/tests/test_codec.cpp,cpp,826,130,2,0.0152,7,40,1
UnderwaterRobotSystem/OrangePi_STM32_for_ROV/gateway/src/intent_publisher_shm.cpp,cpp,1844,198,47,0.1918,27,90,2
UnderwaterRobotSystem/OrangePi_STM32_for_ROV/gateway/src/udp/udp_endpoint.cpp,cpp,982,135,0,0.0,29,33,3
UnderwaterRobotSystem/OrangePi_STM32_for_ROV/gateway/src/udp/udp_client.cpp,cpp,1071,92,10,0.098,23,45,3
UnderwaterRobotSystem/OrangePi_STM32_for_ROV/gateway/src/udp/udp_server.cpp,cpp,842,60,2,0.0323,19,34,3
UnderwaterRobotSystem/OrangePi_STM32_for_ROV/gateway/src/session/gcs_session.cpp,cpp,5242,385,27,0.0655,104,255,5
UnderwaterRobotSystem/OrangePi_STM32_for_ROV/gateway/src/IPC/intent_subscriber_shm.cpp,cpp,2163,237,24,0.092,57,90,3
UnderwaterRobotSystem/OrangePi_STM32_for_ROV/gateway/src/IPC/nav/nav_state_subscriber_shm.cpp,cpp,2178,237,26,0.0989,57,91,3
UnderwaterRobotSystem/OrangePi_STM32_for_ROV/gateway/src/IPC/nav/nav_state_subscriber.cpp,cpp,1444,179,7,0.0376,30,63,2
UnderwaterRobotSystem/OrangePi_STM32_for_ROV/gateway/src/IPC/nav/nav_view_builder.cpp,cpp,1034,57,9,0.1364,9,55,2
UnderwaterRobotSystem/OrangePi_STM32_for_ROV/gateway/src/IPC/nav/nav_view_publisher_shm.cpp,cpp,1859,203,19,0.0856,32,88,2
UnderwaterRobotSystem/OrangePi_STM32_for_ROV/gateway/src/IPC/intent/intent_arbiter.cpp,cpp,4066,215,38,0.1502,62,213,4
UnderwaterRobotSystem/OrangePi_STM32_for_ROV/gateway/src/IPC/intent/intent_mux.cpp,cpp,1037,79,9,0.1023,11,50,3
UnderwaterRobotSystem/OrangePi_STM32_for_ROV/gateway/src/IPC/intent/intent_keyboard_source.cpp,cpp,4108,356,21,0.0557,89,192,4
UnderwaterRobotSystem/OrangePi_STM32_for_ROV/gateway/src/IPC/keys/key_event_subscriber_shm.cpp,cpp,2332,321,19,0.0559,92,77,3
UnderwaterRobotSystem/OrangePi_STM32_for_ROV/gateway/src/IPC/keys/key_event_publisher_shm.cpp,cpp,2070,255,23,0.0827,45,89,3
UnderwaterRobotSystem/OrangePi_STM32_for_ROV/gateway/src/IPC/keys/keyboard_mapper.cpp,cpp,1814,87,24,0.2162,49,81,3
UnderwaterRobotSystem/OrangePi_STM32_for_ROV/gateway/include/gateway/version.hpp,cpp,190,50,29,0.3671,5,4,1
UnderwaterRobotSystem/OrangePi_STM32_for_ROV/gateway/include/gateway/bytes.hpp,cpp,135,19,0,0.0,2,4,1
UnderwaterRobotSystem/OrangePi_STM32_for_ROV/gateway/include/gateway/intent_publisher_shm.hpp,cpp,175,49,12,0.1967,12,2,0
UnderwaterRobotSystem/OrangePi_STM32_for_ROV/gateway/include/gateway/codec/packet_view.hpp,cpp,1069,98,32,0.2462,27,45,2
UnderwaterRobotSystem/OrangePi_STM32_for_ROV/gateway/include/gateway/codec/gcs_codec.hpp,cpp,1421,155,10,0.0606,27,62,3
UnderwaterRobotSystem/OrangePi_STM32_for_ROV/gateway/include/gateway/apps/gcs_client.hpp,cpp,184,37,151,0.8032,4,5,1
UnderwaterRobotSystem/OrangePi_STM32_for_ROV/gateway/include/gateway/apps/cli_args.hpp,cpp,0,0,0,0.0,0,0,0
UnderwaterRobotSystem/OrangePi_STM32_for_ROV/gateway/include/gateway/udp/udp_server.hpp,cpp,91,37,1,0.0263,3,2,0
UnderwaterRobotSystem/OrangePi_STM32_for_ROV/gateway/include/gateway/udp/udp_client.hpp,cpp,176,43,11,0.2037,6,3,1
UnderwaterRobotSystem/OrangePi_STM32_for_ROV/gateway/include/gateway/udp/udp_endpoint.hpp,cpp,120,34,6,0.15,7,2,0
UnderwaterRobotSystem/OrangePi_STM32_for_ROV/gateway/include/gateway/session/gcs_session.hpp,cpp,239,73,27,0.27,17,2,0
UnderwaterRobotSystem/OrangePi_STM32_for_ROV/gateway/include/gateway/IPC/nav/nav_view_builder.hpp,cpp,53,13,12,0.48,5,0,0
UnderwaterRobotSystem/OrangePi_STM32_for_ROV/gateway/include/gateway/IPC/nav/nav_state_subscriber.hpp,cpp,220,47,60,0.5607,11,3,1
UnderwaterRobotSystem/OrangePi_STM32_for_ROV/gateway/include/gateway/IPC/nav/nav_state_subscriber_shm.hpp,cpp,199,57,19,0.25,14,2,0
UnderwaterRobotSystem/OrangePi_STM32_for_ROV/gateway/include/gateway/IPC/nav/nav_view_publisher_shm.hpp,cpp,184,50,8,0.1379,13,2,0
UnderwaterRobotSystem/OrangePi_STM32_for_ROV/gateway/include/gateway/IPC/intent/intent_arbiter.hpp,cpp,464,98,38,0.2794,17,10,2
UnderwaterRobotSystem/OrangePi_STM32_for_ROV/gateway/include/gateway/IPC/intent/intent_mux.hpp,cpp,153,50,26,0.3421,11,1,0
UnderwaterRobotSystem/OrangePi_STM32_for_ROV/gateway/include/gateway/IPC/intent/intent_keyboard_source.hpp,cpp,247,65,74,0.5324,19,2,0
UnderwaterRobotSystem/OrangePi_STM32_for_ROV/gateway/include/gateway/IPC/intent/intent_subscriber_shm.hpp,cpp,230,56,47,0.4563,18,2,0
UnderwaterRobotSystem/OrangePi_STM32_for_ROV/gateway/include/gateway/IPC/keys/keyboard_mapper.hpp,cpp,71,47,65,0.5804,3,0,0
UnderwaterRobotSystem/OrangePi_STM32_for_ROV/gateway/include/gateway/IPC/keys/key_event_publisher_shm.hpp,cpp,287,49,25,0.3378,26,2,0
UnderwaterRobotSystem/OrangePi_STM32_for_ROV/gateway/include/gateway/IPC/keys/key_event_subscriber_shm.hpp,cpp,304,66,7,0.0959,26,2,0
UnderwaterRobotSystem/OrangePi_STM32_for_ROV/pwm_control_program/CMakeLists.txt,cmake,1196,308,0,0.0,86,0,0
UnderwaterRobotSystem/OrangePi_STM32_for_ROV/pwm_control_program/src/main.cpp,cpp,648,51,8,0.1356,9,27,3
UnderwaterRobotSystem/OrangePi_STM32_for_ROV/pwm_control_program/src/platform/pwm_client.cpp,cpp,2629,383,30,0.0726,62,106,4
UnderwaterRobotSystem/OrangePi_STM32_for_ROV/pwm_control_program/src/platform/timebase.cpp,cpp,656,51,15,0.2273,15,27,2
UnderwaterRobotSystem/OrangePi_STM32_for_ROV/pwm_control_program/src/control_core/app_context.cpp,cpp,3910,254,19,0.0696,37,216,3
UnderwaterRobotSystem/OrangePi_STM32_for_ROV/pwm_control_program/src/control_core/control_loop.cpp,cpp,290,17,7,0.2917,1,15,1
UnderwaterRobotSystem/OrangePi_STM32_for_ROV/pwm_control_program/src/control_core/control_guard.cpp,cpp,4328,268,60,0.1829,40,236,5
UnderwaterRobotSystem/OrangePi_STM32_for_ROV/pwm_control_program/src/control_core/app_main.cpp,cpp,2083,202,15,0.0691,37,95,4
UnderwaterRobotSystem/OrangePi_STM32_for_ROV/pwm_control_program/src/control_core/trajectory_tracking.cpp,cpp,1115,161,17,0.0955,8,54,2
UnderwaterRobotSystem/OrangePi_STM32_for_ROV/pwm_control_program/src/control_core/thruster_allocation.cpp,cpp,2738,310,44,0.1243,66,116,4
UnderwaterRobotSystem/OrangePi_STM32_for_ROV/pwm_control_program/src/control_core/loop/control_loop_helpers.cpp,cpp,1005,88,62,0.4133,19,43,3
UnderwaterRobotSystem/OrangePi_STM32_for_ROV/pwm_control_program/src/control_core/loop/control_loop_nav.cpp,cpp,863,51,20,0.2817,9,44,2
UnderwaterRobotSystem/OrangePi_STM32_for_ROV/pwm_control_program/src/control_core/loop/control_loop_pwm_log.cpp,cpp,158,42,9,0.1765,2,4,1
UnderwaterRobotSystem/OrangePi_STM32_for_ROV/pwm_control_program/src/control_core/loop/control_loop_run.cpp,cpp,8435,361,114,0.24,73,486,5
UnderwaterRobotSystem/OrangePi_STM32_for_ROV/pwm_control_program/src/io/nav/nav_view_shm_source.cpp,cpp,802,72,5,0.0649,10,38,2
UnderwaterRobotSystem/OrangePi_STM32_for_ROV/pwm_control_program/src/io/nav/nav_view_subscriber_shm.cpp,cpp,1572,238,26,0.0985,58,50,3
UnderwaterRobotSystem/OrangePi_STM32_for_ROV/pwm_control_program/src/io/log/pwm_logger.cpp,cpp,960,142,10,0.0658,31,30,3
UnderwaterRobotSystem/OrangePi_STM32_for_ROV/pwm_control_program/src/io/input/intent_subscriber_shm.cpp,cpp,1588,192,50,0.2066,57,52,4
UnderwaterRobotSystem/OrangePi_STM32_for_ROV/pwm_control_program/src/io/input/key_event_subscriber_shm.cpp,cpp,2548,291,27,0.0849,59,111,3
UnderwaterRobotSystem/OrangePi_STM32_for_ROV/pwm_control_program/src/io/input/control_intent_wire_codec.cpp,cpp,1705,132,48,0.2667,31,83,2
UnderwaterRobotSystem/OrangePi_STM32_for_ROV/pwm_control_program/src/io/input/multi_input_provider.cpp,cpp,1651,104,13,0.1111,19,85,3
UnderwaterRobotSystem/OrangePi_STM32_for_ROV/pwm_control_program/src/io/input/telemetry_frame.cpp,cpp,0,0,0,0.0,0,0,0
UnderwaterRobotSystem/OrangePi_STM32_for_ROV/pwm_control_program/src/io/input/control_intent_wire_adapter.cpp,cpp,438,25,7,0.2188,6,19,2
UnderwaterRobotSystem/OrangePi_STM32_for_ROV/pwm_control_program/src/io/input/teleop_input.cpp,cpp,1017,83,20,0.1942,13,50,2
UnderwaterRobotSystem/OrangePi_STM32_for_ROV/pwm_control_program/src/io/input/gcs_shm_input_provider.cpp,cpp,838,67,11,0.141,12,37,3
UnderwaterRobotSystem/OrangePi_STM32_for_ROV/pwm_control_program/src/io/teleop/teleop_keyboard.cpp,cpp,1448,277,67,0.1948,37,53,2
UnderwaterRobotSystem/OrangePi_STM32_for_ROV/pwm_control_program/src/utils/config_loader.cpp,cpp,1381,120,5,0.04,12,67,4
UnderwaterRobotSystem/OrangePi_STM32_for_ROV/pwm_control_program/src/utils/config_loader_trajectory.cpp,cpp,2280,119,1,0.0083,12,127,4
UnderwaterRobotSystem/OrangePi_STM32_for_ROV/pwm_control_program/src/utils/config_loader_pwm_client.cpp,cpp,2787,170,20,0.1053,49,135,5
UnderwaterRobotSystem/OrangePi_STM32_for_ROV/pwm_control_program/src/utils/config_loader_teleop_mixer.cpp,cpp,2128,89,31,0.2583,18,113,5
UnderwaterRobotSystem/OrangePi_STM32_for_ROV/pwm_control_program/src/utils/config_loader_alloc.cpp,cpp,2775,145,1,0.0068,30,146,5
UnderwaterRobotSystem/OrangePi_STM32_for_ROV/pwm_control_program/src/controllers/controller_manager.cpp,cpp,2057,277,51,0.1555,90,60,4
UnderwaterRobotSystem/OrangePi_STM32_for_ROV/pwm_control_program/src/controllers/manual_controller.cpp,cpp,1202,59,47,0.4434,6,65,3
UnderwaterRobotSystem/OrangePi_STM32_for_ROV/pwm_control_program/src/controllers/pid_controller.cpp,cpp,434,44,2,0.0435,5,18,2
UnderwaterRobotSystem/OrangePi_STM32_for_ROV/pwm_control_program/include/platform/timebase.hpp,cpp,121,41,47,0.5341,10,0,0
UnderwaterRobotSystem/OrangePi_STM32_for_ROV/pwm_control_program/include/platform/pwm_client.hpp,cpp,184,74,42,0.3621,10,2,0
UnderwaterRobotSystem/OrangePi_STM32_for_ROV/pwm_control_program/include/control_core/control_mode.hpp,cpp,751,89,33,0.2705,24,26,2
UnderwaterRobotSystem/OrangePi_STM32_for_ROV/pwm_control_program/include/control_core/app_context.hpp,cpp,81,49,43,0.4674,4,0,0
UnderwaterRobotSystem/OrangePi_STM32_for_ROV/pwm_control_program/include/control_core/control_guard.hpp,cpp,222,72,29,0.2871,15,2,0
UnderwaterRobotSystem/OrangePi_STM32_for_ROV/pwm_control_program/include/control_core/control_loop.hpp,cpp,242,100,153,0.6047,14,2,0
UnderwaterRobotSystem/OrangePi_STM32_for_ROV/pwm_control_program/include/control_core/app_main.hpp,cpp,52,29,106,0.7852,1,1,0
UnderwaterRobotSystem/OrangePi_STM32_for_ROV/pwm_control_program/include/control_core/thruster_allocation.hpp,cpp,113,58,133,0.6963,5,1,0
UnderwaterRobotSystem/OrangePi_STM32_for_ROV/pwm_control_program/include/control_core/teleop_mixer.hpp,cpp,950,66,16,0.1951,13,44,3
UnderwaterRobotSystem/OrangePi_STM32_for_ROV/pwm_control_program/include/control_core/trajectory_tracking.hpp,cpp,122,75,124,0.6231,4,1,0
UnderwaterRobotSystem/OrangePi_STM32_for_ROV/pwm_control_program/include/control_core/mode.hpp,cpp,108,46,38,0.4524,4,2,0
UnderwaterRobotSystem/OrangePi_STM32_for_ROV/pwm_control_program/include/control_core/control_types.hpp,cpp,101,93,32,0.256,1,0,0
UnderwaterRobotSystem/OrangePi_STM32_for_ROV/pwm_control_program/include/control_core/control_intent.hpp,cpp,546,69,33,0.3235,4,27,1
UnderwaterRobotSystem/OrangePi_STM32_for_ROV/pwm_control_program/include/io/control_mode.hpp,cpp,24,8,0,0.0,2,0,0
UnderwaterRobotSystem/OrangePi_STM32_for_ROV/pwm_control_program/include/io/nav/nav_view_subscriber_shm.hpp,cpp,234,52,20,0.2778,19,2,0
UnderwaterRobotSystem/OrangePi_STM32_for_ROV/pwm_control_program/include/io/nav/nav_state_view.hpp,cpp,89,19,19,0.5,5,2,0
UnderwaterRobotSystem/OrangePi_STM32_for_ROV/pwm_control_program/include/io/nav/nav_view_shm_source.hpp,cpp,91,35,15,0.3,7,0,0
UnderwaterRobotSystem/OrangePi_STM32_for_ROV/pwm_control_program/include/io/nav/nav_state_source.hpp,cpp,46,14,0,0.0,4,0,0
UnderwaterRobotSystem/OrangePi_STM32_for_ROV/pwm_control_program/include/io/log/pwm_logger.hpp,cpp,92,36,0,0.0,7,0,0
UnderwaterRobotSystem/OrangePi_STM32_for_ROV/pwm_control_program/include/io/input/control_intent_wire_adapter.hpp,cpp,26,10,10,0.5,2,0,0
UnderwaterRobotSystem/OrangePi_STM32_for_ROV/pwm_control_program/include/io/input/gcs_shm_input_provider.hpp,cpp,70,30,18,0.375,5,0,0
UnderwaterRobotSystem/OrangePi_STM32_for_ROV/pwm_control_program/include/io/input/control_intent_wire_codec.hpp,cpp,61,13,3,0.1875,6,0,0
UnderwaterRobotSystem/OrangePi_STM32_for_ROV/pwm_control_program/include/io/input/multi_input_provider.hpp,cpp,58,34,1,0.0286,3,0,0
UnderwaterRobotSystem/OrangePi_STM32_for_ROV/pwm_control_program/include/io/input/input_provider.hpp,cpp,531,36,40,0.5263,5,25,2
UnderwaterRobotSystem/OrangePi_STM32_for_ROV/pwm_control_program/include/io/input/intent_sink.hpp,cpp,27,11,0,0.0,2,0,0
UnderwaterRobotSystem/OrangePi_STM32_for_ROV/pwm_control_program/include/io/input/teleop_input.hpp,cpp,89,42,21,0.3333,4,1,0
UnderwaterRobotSystem/OrangePi_STM32_for_ROV/pwm_control_program/include/io/input/key_event_subscriber_shm.hpp,cpp,288,58,30,0.3409,25,2,0
UnderwaterRobotSystem/OrangePi_STM32_for_ROV/pwm_control_program/include/io/input/intent_subscriber_shm.hpp,cpp,328,61,3,0.0469,19,5,1
UnderwaterRobotSystem/OrangePi_STM32_for_ROV/pwm_control_program/include/io/teleop/teleop_keyboard.h,cpp,81,33,172,0.839,6,0,0
UnderwaterRobotSystem/OrangePi_STM32_for_ROV/pwm_control_program/include/io/gcs/gcs_session.hpp,cpp,24,8,6,0.4286,2,0,0
UnderwaterRobotSystem/OrangePi_STM32_for_ROV/pwm_control_program/include/io/gcs/telemetry_frame.hpp,cpp,528,53,16,0.2319,10,21,2
UnderwaterRobotSystem/OrangePi_STM32_for_ROV/pwm_control_program/include/utils/config_loader.hpp,cpp,72,56,161,0.7419,2,0,0
UnderwaterRobotSystem/OrangePi_STM32_for_ROV/pwm_control_program/include/utils/detail/dof.hpp,cpp,335,25,1,0.0385,10,10,2
UnderwaterRobotSystem/OrangePi_STM32_for_ROV/pwm_control_program/include/utils/detail/trajectory_parsers.hpp,cpp,283,27,0,0.0,7,8,2
UnderwaterRobotSystem/OrangePi_STM32_for_ROV/pwm_control_program/include/utils/detail/yaml_helpers.hpp,cpp,586,42,1,0.0233,8,24,3
UnderwaterRobotSystem/OrangePi_STM32_for_ROV/pwm_control_program/include/utils/detail/config_log.hpp,cpp,327,26,0,0.0,7,11,2
UnderwaterRobotSystem/OrangePi_STM32_for_ROV/pwm_control_program/include/controllers/pid_controller.hpp,cpp,128,48,48,0.5,10,0,0
UnderwaterRobotSystem/OrangePi_STM32_for_ROV/pwm_control_program/include/controllers/controller_manager.hpp,cpp,422,116,220,0.6548,22,6,1
UnderwaterRobotSystem/OrangePi_STM32_for_ROV/pwm_control_program/include/controllers/controller_base.hpp,cpp,76,20,38,0.6552,7,0,0
UnderwaterRobotSystem/OrangePi_STM32_for_ROV/pwm_control_program/include/controllers/manual_controller.hpp,cpp,248,52,173,0.7689,12,4,1
UnderwaterRobotSystem/OrangePi_STM32_for_ROV/orangepi_send/CMakeLists.txt,cmake,139,67,0,0.0,9,0,0
UnderwaterRobotSystem/OrangePi_STM32_for_ROV/orangepi_send/src/UdpSender.cpp,cpp,1533,239,14,0.0553,38,58,3
UnderwaterRobotSystem/OrangePi_STM32_for_ROV/orangepi_send/src/libpwm_host.c,cpp,2194,372,61,0.1409,84,66,4
UnderwaterRobotSystem/OrangePi_STM32_for_ROV/orangepi_send/src/pwm_control.c,cpp,2506,457,168,0.2688,103,71,4
UnderwaterRobotSystem/OrangePi_STM32_for_ROV/orangepi_send/src/PwmFrameBuilder.cpp,cpp,1147,192,21,0.0986,25,45,2
UnderwaterRobotSystem/OrangePi_STM32_for_ROV/orangepi_send/src/crc16_ccitt.cpp,cpp,272,49,2,0.0392,1,9,2
UnderwaterRobotSystem/OrangePi_STM32_for_ROV/orangepi_send/src/protocol_pack.c,cpp,708,73,7,0.0875,10,29,3
UnderwaterRobotSystem/OrangePi_STM32_for_ROV/orangepi_send/src/main.cpp,cpp,2581,174,19,0.0984,19,137,5
UnderwaterRobotSystem/OrangePi_STM32_for_ROV/orangepi_send/include/libpwm_host.h,cpp,126,46,152,0.7677,10,0,0
UnderwaterRobotSystem/OrangePi_STM32_for_ROV/orangepi_send/include/UdpSender.h,cpp,61,37,29,0.4394,3,0,0
UnderwaterRobotSystem/OrangePi_STM32_for_ROV/orangepi_send/include/crc16_ccitt.h,cpp,130,29,5,0.1471,2,3,1
UnderwaterRobotSystem/OrangePi_STM32_for_ROV/orangepi_send/include/pwm_control.h,cpp,225,54,281,0.8388,7,5,1
UnderwaterRobotSystem/OrangePi_STM32_for_ROV/orangepi_send/include/protocol_pack.hpp,cpp,168,23,0,0.0,0,7,1
UnderwaterRobotSystem/OrangePi_STM32_for_ROV/orangepi_send/include/PwmFrameBuilder.h,cpp,469,78,105,0.5738,7,17,2
UnderwaterRobotSystem/OrangePi_STM32_for_ROV/orangepi_send/include/protocol_pack.h,cpp,50,18,5,0.2174,4,0,0
UnderWaterRobotGCS/tests/test_codec.py,python,0,0,0,0.0,0,0,0
UnderWaterRobotGCS/tests/test_safety_ttl.py,python,0,0,0,0.0,0,0,0
UnderWaterRobotGCS/tests/test_transport_udp.py,python,0,0,0,0.0,0,0,0
UnderWaterRobotGCS/src/urogcs/__init__.py,python,0,0,0,0.0,0,0,0
UnderWaterRobotGCS/src/urogcs/telemetry/ui_viewmodels.py,python,98,66,2,0.0294,4,0,0
UnderWaterRobotGCS/src/urogcs/telemetry/alarms.py,python,162,82,18,0.18,10,0,0
UnderWaterRobotGCS/src/urogcs/telemetry/model.py,python,106,42,13,0.2364,8,0,0
UnderWaterRobotGCS/src/urogcs/tools/intent_watch.py,python,121,81,12,0.129,5,0,0
UnderWaterRobotGCS/src/urogcs/tools/replay.py,python,185,81,1,0.0122,13,0,0
UnderWaterRobotGCS/src/urogcs/tools/pcap_export.py,python,172,116,8,0.0645,7,0,0
UnderWaterRobotGCS/src/urogcs/transport/tcp_link.py,python,0,0,0,0.0,0,0,0
UnderWaterRobotGCS/src/urogcs/transport/udp_link.py,python,286,110,25,0.1852,22,0,0
UnderWaterRobotGCS/src/urogcs/transport/recorder.py,python,697,65,12,0.1558,14,24,4
UnderWaterRobotGCS/src/urogcs/app/gui_main.py,python,0,0,0,0.0,0,0,0
UnderWaterRobotGCS/src/urogcs/app/cli_main.py,python,0,0,0,0.0,0,0,0
UnderWaterRobotGCS/src/urogcs/app/__init__.py,python,0,0,0,0.0,0,0,0
UnderWaterRobotGCS/src/urogcs/app/tui/tui_loop.py,python,4683,200,65,0.2453,36,261,7
UnderWaterRobotGCS/src/urogcs/app/tui/tui_env.py,python,47,39,23,0.371,1,0,0
UnderWaterRobotGCS/src/urogcs/app/tui/tui_keys.py,python,371,115,77,0.401,32,0,0
UnderWaterRobotGCS/src/urogcs/app/tui/tui_main.py,python,16,8,1,0.1111,1,0,0
UnderWaterRobotGCS/src/urogcs/app/tui/__init__.py,python,0,0,0,0.0,0,0,0
UnderWaterRobotGCS/src/urogcs/app/tui/tui_view.py,python,151,79,26,0.2476,9,0,0
UnderWaterRobotGCS/src/urogcs/protocol/wire.py,python,168,112,41,0.268,7,0,0
UnderWaterRobotGCS/src/urogcs/protocol/compat.py,python,0,0,0,0.0,0,0,0
UnderWaterRobotGCS/src/urogcs/protocol/codec.py,python,416,232,50,0.1773,23,0,0
UnderWaterRobotGCS/src/urogcs/protocol/messages.py,python,34,34,1,0.0286,0,0,0
UnderWaterRobotGCS/src/urogcs/protocol/__init__.py,python,0,0,0,0.0,0,0,0
UnderWaterRobotGCS/src/urogcs/protocol/crc32c.py,python,80,24,3,0.1111,7,0,0
UnderWaterRobotGCS/src/urogcs/core/config.py,python,0,0,0,0.0,0,0,0
UnderWaterRobotGCS/src/urogcs/core/service.py,python,377,161,135,0.4561,27,0,0
UnderWaterRobotGCS/src/urogcs/core/models.py,python,0,0,0,0.0,0,0,0
UnderWaterRobotGCS/src/urogcs/control/gamepad_mapper.py,python,0,0,0,0.0,0,0,0
UnderWaterRobotGCS/src/urogcs/control/keyboard_mapper.py,python,348,108,65,0.3757,30,0,0
UnderWaterRobotGCS/src/urogcs/control/safety.py,python,159,55,12,0.1791,13,0,0
UnderWaterRobotGCS/src/urogcs/session/session_client.py,python,909,421,143,0.2535,61,0,0
